Item,SKU,Unit Price (List),Unit Price (Sale),Quantity,Line Total
GripForce Gecko Wheel (8mm REX Bore, 48mm Diameter, 15A Durometer),3632-4008-0048,$7.99,$5.99,16,$95.84
4-Bar Odometry Pod (32mm Wheel),3110-0001-0002,$99.99,$74.99,2,$149.98
2303 Series Steel MOD 0.8 Pinion Gear (8mm REX Bore, 20 Tooth),2303-4008-0020,$10.59,$7.94,4,$31.76
2302 Series Aluminum MOD 0.8 Hub Mount Gear (14mm Bore, 80 Tooth),2302-0014-0080,$13.79,$10.34,4,$41.36
1516 Series 8mm REX Standoff (M4 x 0.7mm Threads, 64mm Length) - 4 Pack,1516-4008-0640,$6.99,$5.24,4,$20.96
1106 Series Square Beam (8 Hole, 64mm Length),1106-0008-0064,$3.79,$2.84,8,$22.72
1502 Series 4mm ID Spacer (6mm OD, 16mm Length) - 4 Pack,1502-0006-0160,$2.69,$2.02,4,$8.08
1502 Series 4mm ID Spacer (6mm OD, 14mm Length) - 4 Pack,1502-0006-0140,$2.59,$1.94,4,$7.76
8mm Bore Face Thru-Hole Pillow Block (32mm x 32mm Mounting Pattern),1603-0032-0008,$6.99,$5.24,4,$20.96
